Precision,Recall,F1_Score,Accuracy Score
0.7709937018894332,0.6650067904028972,0.714088957303735,0.7340016582497927
0.9061093247588424,0.4252301192092953,0.5788230461127658,0.6908871636391045
0.7873364288729422,0.7036366379960767,0.7431371767799514,0.7570287178714102
0.7569273399014779,0.7419646899049344,0.7493713327745181,0.752091655988543
0.7846449778372502,0.7078617775765806,0.7442782912220856,0.7570287178714102
